sales_channel,orders,revenue,profit,avg_profit_margin_pct
Online,50054,66856341348.54994,19717124010.950024,34.32299516522286
Offline,49946,66750331717.85986,19691999718.660004,34.332654066392884
