order_priority,orders,revenue,profit
M,25088,33651990941.98004,9882278290.920008
L,25016,33352231464.369972,9845307974.819992
H,24945,33348094607.259937,9847178436.499998
C,24951,33254356052.800003,9834359027.370022
