rows,total_revenue,total_profit,avg_profit_margin_pct
100000,133606673066.41025,39409123729.610054,34.327819400002944
