country,revenue,profit
Hungary,837433953.0400002,241860844.0
Bahrain,835302930.8699996,237638193.14999998
Federated States of Micronesia,832669517.0800004,241045260.27000004
Liberia,816786910.8799996,239114337.43999997
Malta,816286329.5399998,234376855.95
Sudan,814145709.2699999,249523548.61
Marshall Islands,810251011.3599999,236922446.07
Panama,807337234.4300001,232216299.51000005
Yemen,797978866.0699999,229597166.05000007
New Zealand,793897933.11,237880635.77
